{
  "id": "project-1",
  "name": "Project 1",
  "slug": "project-1",
  "gallery": [
    {
      "type": "internal",
      "dataUrl": "/api/v1/content/_media/_media-215a9a01-fdd6-4196-be0b-4d6940403c4c"
    },
    {
      "type": "internal",
      "dataUrl": "/api/v1/content/_media/_media-5a1bbd9b-b40a-49f1-8754-4bb5b5da7dac"
    },
    {
      "type": "internal",
      "dataUrl": "/api/v1/content/_media/_media-ac62de6e-9f81-4765-921c-e82a18860d0a"
    }
  ],
  "internal": {
    "createdAt": "2020-12-14T16:19:11+00:00",
    "deletedAt": "",
    "updatedAt": "2022-02-03T23:12:10+00:00",
    "contentType": "project",
    "objectTitle": "Project 1",
    "workflow_state": "saved"
  },
  "description": "<p>Here will be an awesome description of this awesome Project! Check out our other awesome projects!</p>\n",
  "headerImage": [
    {
      "type": "internal",
      "dataUrl": "/api/v1/content/_media/_media-073f5bea-9536-4342-9e79-36f27430a2d8"
    }
  ],
  "gallery_name": "Gallery 1",
  "gallery_description": "<p>Here will be an awesome description of this awesome Gallery! Check out our other awesome galleries!</p>\n"
}