{
  "id": "project-3",
  "name": "Project 3",
  "slug": "project-3",
  "gallery": [
    {
      "type": "internal",
      "dataUrl": "/api/v1/content/_media/_media-e8d15217-ad61-4f38-b1a7-2b22ecd27218"
    },
    {
      "type": "internal",
      "dataUrl": "/api/v1/content/_media/_media-5dd91cdb-9c5c-4b7c-967f-cebcbe34aa86"
    },
    {
      "type": "internal",
      "dataUrl": "/api/v1/content/_media/_media-a2c989c2-de33-4c9d-9cea-33b2d7563efa"
    }
  ],
  "internal": {
    "createdAt": "2020-12-14T16:19:11+00:00",
    "deletedAt": "",
    "updatedAt": "2022-02-18T12:06:49+00:00",
    "contentType": "project",
    "objectTitle": "Project 3",
    "workflow_state": "saved"
  },
  "description": "<p>Here will be an awesome description of this awesome Project! Check out our other awesome projects!</p>\n",
  "headerImage": [
    {
      "type": "internal",
      "dataUrl": "/api/v1/content/_media/_media-c7c3a62c-f3bc-4122-935f-1d5c864dc6f0"
    }
  ],
  "gallery_name": "Gallery 3",
  "gallery_description": "<p>Here will be an awesome description of this Project gallery! Check out our other awesome projects!</p>\n"
}